Provincia,"Edilizia, lavori e manutenzioni",Impianti ed energia,Verde e ambiente,"Pulizie, sanificazione e rifiuti",Sanità e servizi alla persona,"Servizi tecnici, IT e professionali",Trasporti e altri servizi,Forniture di beni,Totale,di cui < 40.000 €
Milano,675,456,96,103,2797,1180,90,1159,6556,4909
Brescia,411,284,63,78,1091,649,46,510,3132,2366
Bergamo,299,172,41,71,933,505,74,300,2395,1875
Varese,211,140,34,42,719,284,25,230,1685,1358
Pavia,136,86,35,33,543,256,21,161,1271,1015
Monza e della Brianza,149,113,20,16,509,247,23,156,1233,914
Como,146,122,28,54,409,239,22,142,1162,875
Cremona,141,75,23,18,510,165,5,130,1067,861
Mantova,130,68,24,12,340,180,17,142,913,687
Sondrio,124,91,12,17,336,111,34,94,819,637
Lecco,92,84,13,14,228,120,10,89,650,503
Lodi,43,43,13,23,191,135,9,61,518,403
Totale,2557,1734,402,481,8606,4071,376,3174,21401,16403
