Provincia,"Edilizia, lavori e manutenzioni",Impianti ed energia,Verde e ambiente,"Pulizie, sanificazione e rifiuti",Sanità e servizi alla persona,"Servizi tecnici, IT e professionali",Trasporti e altri servizi,Forniture di beni,Totale
Milano,24,3,1,6,13,24,0,14,85
Pavia,2,1,0,5,4,1,0,3,16
Bergamo,3,1,0,1,2,5,0,3,15
Como,3,0,0,3,3,1,0,3,13
Varese,0,0,0,1,6,3,1,1,12
Monza e della Brianza,5,0,0,0,4,1,0,1,11
Lecco,0,1,0,3,3,2,0,1,10
Brescia,4,0,0,1,2,1,0,2,10
Cremona,1,0,0,0,5,1,0,0,7
Mantova,0,0,0,0,1,1,1,2,5
Sondrio,0,0,0,3,0,1,0,0,4
Lodi,0,0,0,0,1,0,0,0,1
Totale,42,6,1,23,44,41,2,30,189
