Provincia,"Edilizia, lavori e manutenzioni",Impianti ed energia,Verde e ambiente,"Pulizie, sanificazione e rifiuti",Sanità e servizi alla persona,"Servizi tecnici, IT e professionali",Forniture di beni,Totale
Milano,17,9,1,0,11,6,17,61
Bergamo,21,1,0,0,6,0,1,29
Brescia,6,1,0,0,3,0,4,14
Pavia,5,0,0,0,3,3,1,12
Varese,2,0,0,0,4,1,4,11
Como,3,0,1,0,1,0,2,7
Lodi,4,0,0,1,1,0,0,6
Lecco,3,2,0,0,0,0,0,5
Sondrio,4,1,0,0,0,0,0,5
Monza e della Brianza,4,0,0,0,1,0,0,5
Cremona,1,1,0,0,1,1,0,4
Mantova,1,0,0,0,1,1,0,3
Totale,71,15,2,1,32,12,29,162
