,Gare,Mediana €,1° quartile €,3° quartile €,< 150.000,150.000 – 1 M,> 1 M,Senza importo
"Edilizia, lavori e manutenzioni",113,457.342,221.619,1.260.854,8,73,32,0
Impianti ed energia,21,620.000,100.500,1.251.014,8,7,6,0
Verde e ambiente,3,305.408,198.704,1.098.204,1,1,1,0
"Pulizie, sanificazione e rifiuti",24,589.696,360.005,1.310.500,3,14,7,0
Sanità e servizi alla persona,76,724.926,123.197,4.632.150,21,20,35,0
"Servizi tecnici, IT e professionali",53,519.333,180.780,1.296.000,11,27,15,0
Trasporti e altri servizi,2,1.132.780,1.099.065,1.166.495,0,0,2,0
Forniture di beni,59,420.000,124.264,945.300,16,29,14,0
Totale,351,470.190,190.695,1.410.537,68,171,112,0
