Provincia,Gare aperte,Lotti (CIG) aperti,Con importo,Con scadenza,Con comune SA,Sotto 40.000 €,Gare pubblicate nei 60 gg (anche già scadute)
Milano,146,210,146,146,146,15,471
Bergamo,44,78,44,44,44,0,157
Pavia,28,37,28,28,28,3,79
Brescia,24,26,24,24,24,3,165
Varese,23,40,23,23,23,0,117
Como,20,36,20,20,20,1,77
Monza e della Brianza,16,18,16,16,16,1,67
Lecco,15,24,15,15,15,0,30
Cremona,11,20,11,11,11,2,40
Sondrio,9,12,9,9,9,0,63
Mantova,8,24,8,8,8,1,46
Lodi,7,53,7,7,7,0,21
Totale Lombardia,351,578,351,351,351,26,1333
