categoria,comune,tipo,oggetto,settore,pubblicazione,scadenza,scadenza_fonte,importo,cig,in_anac,url,note
A - conteggiato,Leno,"concessione di servizio, procedura negoziata previa pubblicazione (sotto 40.000 €)","Concessione del servizio di somministrazione di alimenti e bevande mediante distributori automatici, 3 anni",Forniture di beni,2026-08-27,2026-10-12,ANAC,29436.0,BCC7BCB593,sì,https://leno.trasparenza-valutazione-merito.it/web/trasparenza/papca-g/-/papca/display/5603367 ; https://leno.trasparenza-valutazione-merito.it/web/trasparenza/papca-ap/-/papca/display/5658841,"sul sito: elenco trasparenza (27/08) e determina all'albo (22/09-07/10); scadenza e importo non nell'elenco, letti da ANAC"
A - conteggiato,Caronno Pertusella,procedura aperta (art. 71 d.lgs. 36/2023),"Affidamento copertura assicurativa All Risks, 31/12/2026-30/06/2029","Servizi tecnici, IT e professionali",2026-08-07,2026-10-22,ANAC,180780.0,BCFEB740B9,sì,https://caronnopertusella.trasparenza-valutazione-merito.it/web/trasparenza/papca-g/-/papca/display/3149609,"sul sito solo la determina a contrarre (06/08, elenco trasparenza); scadenza e importo letti da ANAC"
A - non verificato,Cormano,"concessione di servizio, procedura negoziata ex art. 187 con avviso di manifestazione di interesse",Affidamento in concessione del servizio di somministrazione di bevande e alimenti mediante distributori automatici presso le sedi comunali (determina 638/2026),Forniture di beni (per analogia con Leno),2026-09-14,non letta,-,non letto (allegato 'Stima PEF'),assente sul sito,no (ANAC arriva al 2026-10-01; il CIG potrebbe essere stato creato dopo),https://cormano.trasparenza-valutazione-merito.it/web/trasparenza/papca-g/-/papca/display/2747597,"gli allegati (avviso, domanda, capitolato) non sono raggiungibili con link semplici; una seconda scheda identica è 'annullata'"
"B - altro, non conteggiato",Sarezzo,bando di selezione per posteggi vacanti nei mercati (operatori commerciali su aree pubbliche),Bando di selezione per il rilascio di autorizzazioni e concessioni in posteggi vacanti nei mercati,commercio su aree pubbliche (non appalto),2026-08-07,2026-10-06 (fine pubblicazione),albo,-,-,n/a,https://sarezzo.trasparenza-valutazione-merito.it/web/trasparenza/papca-ap/-/papca/display/2718165,"rilevante per imprese, ma non è una gara"
"B - altro, non conteggiato",Sirmione,bando di gara di altro ente (Autorità di bacino laghi Garda e Idro) per concessione demaniale,"Bando per concessione demaniale di spiaggia attrezzata e deposito pedalò, canoe, sup (altro comune)",turismo/demanio (non appalto del comune),2026-09-04,2026-10-06 (fine pubblicazione),albo,-,-,n/a,https://sirmione.trasparenza-valutazione-merito.it/web/trasparenza/papca-ap/-/papca/display/5621667,pubblicato all'albo del comune per conto di un altro ente
"B - altro, non conteggiato",Pieve Emanuele,asta pubblica per vendita di immobile comunale,Vendita immobile comunale in Piazza Puccini: avviso di asta pubblica,alienazione immobiliare (non appalto),2026-09-30,non letta,-,non letto,-,n/a,https://comune.pieveemanuele.mi.it/it/news?type=3,visto solo nell'elenco novità; non aperta la scheda
"B - altro, non conteggiato",Lodi Vecchio,indizio: la delibera di giunta 114 del 09/09/2026 approva lo schema di avviso per manifestazione di interesse alla sponsorizzazione di eventi,Avviso pubblico per manifestazione di interesse alla sponsorizzazione di eventi (avviso non trovato),sponsorizzazioni (non appalto),2026-09-09,non letta,-,-,-,n/a,https://servizionline.hspromilaprod.hypersicapp.net/cmslodivecchio/portale/albopretorio/albopretorioconsultazione.aspx?&P=400&S=200&U=1,nell'albo c'è solo la delibera; la pagina Avvisi del sito è vuota senza JavaScript
escluso,Lurago d'Erba,"manifestazione di interesse riservata ad associazioni del Terzo settore, non imprese",MANIFESTAZIONE DI INTERESSE FINALIZZATA ALL’AFFIDAMENTO DELLA GESTIONE DEL CENTRO ANZIANI COMUNALE AD UN’ASSOCIAZIONE DEL TERZO SETTORE PER IL PERIODO SETTEMBRE,-,2026-10-05,2026-10-20 (fine pubblicazione),albo,-,-,n/a,https://luragoderba.trasparenza-valutazione-merito.it/web/trasparenza/papca-ap/-/papca/display/8431497,
escluso,Cormano,albo associazioni: non rilevante per imprese,AVVISO PUBBLICO PER IL RINNOVO DELL'ALBO DELLE ASSOCIAZIONI. APERTURA DAL 15/10/2026 AL 15/11/2026,-,2026-10-01,2026-10-16 (fine pubblicazione),albo,-,-,n/a,https://cormano.trasparenza-valutazione-merito.it/web/trasparenza/papca-ap/-/papca/display/2765629,
escluso,Olgiate Comasco,"aste di locazione abitazioni del Fondo edifici di culto, altro ente",PREFETTURA DI COMO: AVVISO BANDI DI GARA PER L'ASSEGNAZIONE IN LOCAZIONE DI N. 4 UNITÀ IMMOBILIARI DI PROPRIETÀ DEL FONDO EDIFICI DI CULTO SITE IN VIA ROSALES 1,-,2026-09-23,2026-10-30 (fine pubblicazione),albo,-,-,n/a,https://olgiatecomasco.trasparenza-valutazione-merito.it/web/trasparenza/papca-ap/-/papca/display/10525736,
escluso,Cabiate,"aste di locazione abitazioni del Fondo edifici di culto, altro ente","AVVISO DI ASTA PUBBLICA PER LA LOCAZIONE DI UN APPARTAMENTO DI PROPRIETÀ DEL FONDO EDIFICI DI CULTO POSTO AL PIANO TERZO INT. 6 DI VIA ROSALES 13, COMO. FOGLIO ",-,2026-09-23,2026-10-30 (fine pubblicazione),albo,-,-,n/a,https://cabiate.trasparenza-valutazione-merito.it/web/trasparenza/papca-ap/-/papca/display/8411848,
