fascia,comune,provincia,abitanti,sito,stato_lettura,cms_sito,gestionale_albo,gestionale_trasparenza,leggibilita,avvisi_aperti_confermati,avvisi_aperti_non_verificati,altri_avvisi_non_appalti,difficolta,pagine_usate
A,Leno,Brescia,14474,https://comune.leno.bs.it/it,completo,Municipium (Maggioli),J-City Gov / Albo online (Maggioli),J-City Gov / Albo online (Maggioli),HTML testo; albo e liste bandi ricavate dall'export CSV (OpenFormat) che la pagina offre; allegati PDF non raggiunti,1,0,0,elenchi non presenti nell'HTML: serve seguire il link 'Esporta in OpenFormat' e una sessione; la scadenza non è nell'elenco ma negli allegati,https://comune.leno.bs.it/it | https://comune.leno.bs.it/it/news?type=3 | https://leno.trasparenza-valutazione-merito.it/web/trasparenza/dettaglio-albo-pretorio | https://leno.trasparenza-valutazione-merito.it/web/trasparenza/trasparenza | https://leno.trasparenza-valutazione-merito.it/web/trasparenza/dettaglio-trasparenza | https://leno.trasparenza-valutazione-merito.it/web/trasparenza/albo-pretorio | https://leno.trasparenza-valutazione-merito.it/web/trasparenza/papca-ap/-/papca/igrid/29846 [export CSV] | https://leno.trasparenza-valutazione-merito.it/web/trasparenza/papca-g/-/papca/igrid/67909 [export CSV]
A,Mazzano,Brescia,12715,https://www.comune.mazzano.bs.it/,completo,SecovalWEB - Modello Comuni,J-City Gov / Albo online (Maggioli),etrasparenza.it (elenco procedure in HTML),HTML testo; albo e liste bandi ricavate dall'export CSV (OpenFormat) che la pagina offre; allegati PDF non raggiunti,0,0,0,"robots.txt con Crawl-delay 10 s, rispettato; elenchi non presenti nell'HTML: serve seguire il link 'Esporta in OpenFormat' e una sessione; la scadenza non è nell'elenco ma negli allegati",https://www.comune.mazzano.bs.it/ | https://mazzano.etrasparenza.it/ | https://mazzano.etrasparenza.it/pagina566_bandi-di-gara-e-contratti.html | https://www.comune.mazzano.bs.it/pagina133704_avvisi.html | https://mazzano.etrasparenza.it/pagina639_bandi-di-concorso.html | https://mazzano.etrasparenza.it/pagina806_avvisi.html | https://mazzano.etrasparenza.it/pagina984_avvisi.html | https://mazzano.etrasparenza.it/archivio22_bandi-di-concorso_0_15733_806_1.html | https://mazzano.etrasparenza.it/archivio105_procedure-dal-01012024_0_39780_984_1.html | https://mazzano.etrasparenza.it/archivio105_procedure-dal-01012024_0_22666_984_1.html
A,Ospitaletto,Brescia,14969,https://www.comune.ospitaletto.bs.it/,parziale,Drupal 9 (footer Halley),Drupal in sito: albo senza elenco in HTML,Drupal in sito: modulo Bandi e gare fermo al 2022,HTML testo solo per le pagine novità/avvisi (e dove indicato albo/bandi); albo e trasparenza non leggibili (vedi difficoltà),0,0,0,albo pretorio e trasparenza non mostrano elenchi in HTML; connessioni resettate su alcune pagine,https://www.comune.ospitaletto.bs.it/ | https://www.comune.ospitaletto.bs.it/novita/avvisi | https://www.comune.ospitaletto.bs.it/bandi-e-gare | https://www.comune.ospitaletto.bs.it/amministrazione/amministrazione-trasparente/bandi-di-gara-e-contratti | https://www.comune.ospitaletto.bs.it/amministrazione/documenti/bandi | https://www.comune.ospitaletto.bs.it/novita/avvisi/avviso-pubblico-per-manifestazione-di-interesse-finalizzata-allalienazione-di-uno-scuolabus-comunale-dismesso | https://www.comune.ospitaletto.bs.it/albo-pretorio
A,Sarezzo,Brescia,13309,https://comune.sarezzo.bs.it/,completo,MyCity (asset mycity.s3...ovh),J-City Gov / Albo online (Maggioli),in sito (sezioni senza elenco in HTML),HTML testo; albo e liste bandi ricavate dall'export CSV (OpenFormat) che la pagina offre; allegati PDF non raggiunti,0,0,1,elenchi non presenti nell'HTML: serve seguire il link 'Esporta in OpenFormat' e una sessione; la scadenza non è nell'elenco ma negli allegati,https://comune.sarezzo.bs.it/ | https://comune.sarezzo.bs.it/novita/3-avviso | https://sarezzo.trasparenza-valutazione-merito.it/web/trasparenza/albo-pretorio | https://comune.sarezzo.bs.it/amministrazione-trasparente | https://comune.sarezzo.bs.it/amministrazione-trasparente/sezioni/620855-bandi-gara-contratti | https://comune.sarezzo.bs.it/amministrazione-trasparente/sezioni/620849-bandi-concorso | https://comune.sarezzo.bs.it/amministrazione-trasparente/sezioni/620713-bandi-concorso | https://comune.sarezzo.bs.it/notizie/2088774/trasparenza-gestione-rifiuti | https://comune.sarezzo.bs.it/amministrazione-trasparente/sezioni/620834-obiettivi-accessibilita | https://sarezzo.trasparenza-valutazione-merito.it/web/trasparenza/papca-ap/-/papca/igrid/262057 [export CSV]
A,Olgiate Comasco,Como,12184,https://comune.olgiate-comasco.co.it/,completo,MyCity (asset mycity.s3...ovh),J-City Gov / Albo online (Maggioli),portaletrasparenza.net (elenco in HTML),HTML testo; albo e liste bandi ricavate dall'export CSV (OpenFormat) che la pagina offre; allegati PDF non raggiunti,0,0,0,elenchi non presenti nell'HTML: serve seguire il link 'Esporta in OpenFormat' e una sessione; la scadenza non è nell'elenco ma negli allegati,https://comune.olgiate-comasco.co.it/ | https://olgiate-comasco.portaletrasparenza.net/it/trasparenza/bandi-di-gara-e-contratti.html | https://olgiate-comasco.portaletrasparenza.net/it/trasparenza/bandi-di-gara-e-contratti/archivio-bandi-di-gara-e-contratti.html | https://olgiate-comasco.portaletrasparenza.net/it/trasparenza/bandi-di-gara-e-contratti/atti-relativi-alla-programmazione-di-lavori-opere-servizi-e-forniture.html | https://olgiate-comasco.portaletrasparenza.net/it/trasparenza/bandi-di-gara-e-contratti/atti-e-documenti-di-carattere-generale-riferiti-a-tutte-le-procedure.html | https://olgiate-comasco.portaletrasparenza.net/it/trasparenza/bandi-di-gara-e-contratti/atti-e-documenti-di-carattere-generale-riferiti-a-tutte-le-procedure/elenco-delle-soluzioni-tecnologiche-adottate-dalle-sa-e-enti-concedenti-per-l-au.html | https://olgiate-comasco.portaletrasparenza.net/it/trasparenza/bandi-di-gara-e-contratti/atti-e-documenti-di-carattere-generale-riferiti-a-tutte-le-procedure/avviso-finalizzato-ad-acquisire-le-manifestazioni-di-interesse-degli-operatori-e.html | https://olgiate-comasco.portaletrasparenza.net/it/trasparenza/bandi-di-gara-e-contratti/atti-e-documenti-di-carattere-generale-riferiti-a-tutte-le-procedure/comunicazione-circa-la-mancata-redazione-del-programma-triennale.html | https://olgiate-comasco.portaletrasparenza.net/it/trasparenza/bandi-di-gara-e-contratti/atti-e-documenti-di-carattere-generale-riferiti-a-tutte-le-procedure/atti-recanti-norme-criteri-oggettivi-per-il-funzionamento-del-sistema-di-qualifi.html | https://olgiate-comasco.portaletrasparenza.net/it/trasparenza/bandi-di-gara-e-contratti/atti-e-documenti-di-carattere-generale-riferiti-a-tutte-le-procedure/atti-eventualmente-adottati-recanti-l-elencazione-delle-condotte-che-costituisco.html
A,Borgo Virgilio,Mantova,15052,https://comune.borgovirgilio.mn.it/it,parziale,Municipium (Maggioli),Halley (halleyweb.com),Halley (halleyweb.com),HTML testo solo per le pagine novità/avvisi (e dove indicato albo/bandi); albo e trasparenza non leggibili (vedi difficoltà),0,0,0,halleyweb.com non raggiungibile da qui (errore TLS/503),https://comune.borgovirgilio.mn.it/it | https://comune.borgovirgilio.mn.it/it/news?type=3 | https://comune.borgovirgilio.mn.it/it/news?type=3&from_menu=1
A,Cormano,Milano,21036,https://comune.cormano.mi.it/it,completo,Municipium (Maggioli),J-City Gov / Albo online (Maggioli),J-City Gov / Albo online (Maggioli),HTML testo; albo e liste bandi ricavate dall'export CSV (OpenFormat) che la pagina offre; allegati PDF non raggiunti,0,1,0,elenchi non presenti nell'HTML: serve seguire il link 'Esporta in OpenFormat' e una sessione; la scadenza non è nell'elenco ma negli allegati,https://comune.cormano.mi.it/it | https://comune.cormano.mi.it/it/news?type=3 | https://www.comune.cormano.mi.it/it/payments | https://cormano.trasparenza-valutazione-merito.it/web/trasparenza/albo-pretorio | https://comune.cormano.mi.it/it/page/6566 | https://cormano.trasparenza-valutazione-merito.it/web/trasparenza/trasparenza | https://cormano.trasparenza-valutazione-merito.it/web/trasparenza/dettaglio-trasparenza | https://cormano.trasparenza-valutazione-merito.it/web/trasparenza/papca-ap/-/papca/igrid/266169 [export CSV] | https://cormano.trasparenza-valutazione-merito.it/web/trasparenza/papca-g/-/papca/igrid/279332 [export CSV] | https://cormano.trasparenza-valutazione-merito.it/web/trasparenza/papca-g/-/papca/igrid/273504 [export CSV]
A,Locate di Triulzi,Milano,10360,https://comune.locateditriulzi.mi.it/,parziale,non identificato,OpenWeb (servizi.*/openweb),OpenWeb (servizi.*/openweb),HTML testo solo per le pagine novità/avvisi (e dove indicato albo/bandi); albo e trasparenza non leggibili (vedi difficoltà),0,0,0,albo e trasparenza rispondono HTTP 403 al programma,https://comune.locateditriulzi.mi.it/
A,Magenta,Milano,25066,https://comune.magenta.mi.it/,completo,WordPress,J-City Gov / Albo online (Maggioli),J-City Gov / Albo online (Maggioli),HTML testo; albo e liste bandi ricavate dall'export CSV (OpenFormat) che la pagina offre; allegati PDF non raggiunti,0,0,0,elenchi non presenti nell'HTML: serve seguire il link 'Esporta in OpenFormat' e una sessione; la scadenza non è nell'elenco ma negli allegati,https://comune.magenta.mi.it/ | https://magenta.trasparenza-valutazione-merito.it/web/trasparenza/albo-pretorio | https://magenta.trasparenza-valutazione-merito.it/web/trasparenza/ | https://magenta.trasparenza-valutazione-merito.it/web/trasparenza/dettaglio-trasparenza | https://magenta.trasparenza-valutazione-merito.it/web/trasparenza/papca-ap/-/papca/igrid/8945 [export CSV] | https://magenta.trasparenza-valutazione-merito.it/web/trasparenza/papca-g/-/papca/igrid/51676 [export CSV]
A,Pieve Emanuele,Milano,15846,https://comune.pieveemanuele.mi.it/it,completo,Municipium (Maggioli),J-City Gov / Albo online (Maggioli),J-City Gov / Albo online (Maggioli),HTML testo; albo e liste bandi ricavate dall'export CSV (OpenFormat) che la pagina offre; allegati PDF non raggiunti,0,0,1,nessuna lista 'Pubblicazione' nel menu trasparenza; elenchi non presenti nell'HTML: serve seguire il link 'Esporta in OpenFormat' e una sessione; la scadenza non è nell'elenco ma negli allegati,https://comune.pieveemanuele.mi.it/it | https://comune.pieveemanuele.mi.it/it/news?type=3 | https://pieveemanuele.trasparenza-valutazione-merito.it/web/trasparenza/dettaglio-albo-pretorio | https://comune.pieveemanuele.mi.it/it/page/99152 | https://pieveemanuele.trasparenza-valutazione-merito.it/web/trasparenza/trasparenza | https://pieveemanuele.trasparenza-valutazione-merito.it/web/trasparenza/dettaglio-trasparenza | https://pieveemanuele.trasparenza-valutazione-merito.it/web/trasparenza/albo-pretorio | https://pieveemanuele.trasparenza-valutazione-merito.it/web/trasparenza/papca-ap/-/papca/igrid/15056 [export CSV]
A,Bernareggio,Monza e della Brianza,11706,https://comune.bernareggio.mb.it/it,completo,Municipium (Maggioli),J-City Gov / Albo online (Maggioli),J-City Gov / Albo online (Maggioli),HTML testo; albo e liste bandi ricavate dall'export CSV (OpenFormat) che la pagina offre; allegati PDF non raggiunti,0,0,0,elenchi non presenti nell'HTML: serve seguire il link 'Esporta in OpenFormat' e una sessione; la scadenza non è nell'elenco ma negli allegati,https://comune.bernareggio.mb.it/it | https://comune.bernareggio.mb.it/it/news?type=3 | https://bernareggio.trasparenza-valutazione-merito.it/web/trasparenza/albo-pretorio | https://comune.bernareggio.mb.it/it/page/43680 | https://bernareggio.trasparenza-valutazione-merito.it/web/trasparenza/menu-albo-pretorio | https://bernareggio.trasparenza-valutazione-merito.it/web/trasparenza/menu-trasparenza | https://bernareggio.trasparenza-valutazione-merito.it/web/trasparenza/bandi-di-gare | https://bernareggio.trasparenza-valutazione-merito.it/web/trasparenza/dettaglio-trasparenza | https://www.trasparenzatari.it/trasparenzatari/?COMUNE=A802 | https://opendata.comune.bernareggio.mb.it/it
A,Cornate d'Adda,Monza e della Brianza,11134,https://comune.cornatedadda.mb.it/it,completo,Municipium (Maggioli),J-City Gov / Albo online (Maggioli),J-City Gov / Albo online (Maggioli),HTML testo; albo e liste bandi ricavate dall'export CSV (OpenFormat) che la pagina offre; allegati PDF non raggiunti,0,0,0,elenchi non presenti nell'HTML: serve seguire il link 'Esporta in OpenFormat' e una sessione; la scadenza non è nell'elenco ma negli allegati,https://comune.cornatedadda.mb.it/it | https://comune.cornatedadda.mb.it/it/news?type=3 | https://cornatedadda.trasparenza-valutazione-merito.it/web/trasparenza/albo-pretorio | https://cornatedadda.trasparenza-valutazione-merito.it/web/trasparenza/ | https://cornatedadda.trasparenza-valutazione-merito.it/web/trasparenza/dettaglio-trasparenza | https://cornatedadda.trasparenza-valutazione-merito.it/web/trasparenza/papca-ap/-/papca/igrid/1210986 [export CSV] | https://cornatedadda.trasparenza-valutazione-merito.it/web/trasparenza/papca-g/-/papca/igrid/1489240576 [export CSV]
A,Giussano,Monza e della Brianza,26509,https://www.comune.giussano.mb.it/it,parziale,Municipium (Maggioli),J-City Gov / Albo online (Maggioli) su albo.comune.giussano.mb.it,J-City Gov / Albo online (Maggioli) su albo.comune.giussano.mb.it,HTML testo solo per le pagine novità/avvisi (e dove indicato albo/bandi); albo e trasparenza non leggibili (vedi difficoltà),0,0,0,certificato TLS non valido sul sottodominio dell'albo: non letto,https://www.comune.giussano.mb.it/it | https://www.comune.giussano.mb.it/it/news?type=3 | https://www.comune.giussano.mb.it/it/news/manifestazione-di-interesse-alla-nomina-di-presidente-del-collegio-dei-revisori-dei-conti-del-comune-di-giussano-mb-per-il-triennio-2025-2027
A,Seveso,Monza e della Brianza,23982,https://comune.seveso.mb.it/it,completo,Municipium (Maggioli),J-City Gov / Albo online (Maggioli),J-City Gov / Albo online (Maggioli),HTML testo; albo e liste bandi ricavate dall'export CSV (OpenFormat) che la pagina offre; allegati PDF non raggiunti,0,0,0,elenchi non presenti nell'HTML: serve seguire il link 'Esporta in OpenFormat' e una sessione; la scadenza non è nell'elenco ma negli allegati,https://comune.seveso.mb.it/it | https://comune.seveso.mb.it/it/news?type=3 | https://seveso.trasparenza-valutazione-merito.it/web/trasparenza/dettaglio-trasparenza | https://seveso.trasparenza-valutazione-merito.it/web/trasparenza/albo-pretorio?ID_MacroMenu=5 | https://seveso.trasparenza-valutazione-merito.it/web/trasparenza/albo-pretorio | https://comune.seveso.mb.it/it/topics/56 | https://seveso.trasparenza-valutazione-merito.it/web/trasparenza/trasparenza?ID_MacroMenu=1 | https://seveso.trasparenza-valutazione-merito.it/web/trasparenza/papca-ap/-/papca/igrid/5446 [export CSV] | https://seveso.trasparenza-valutazione-merito.it/web/trasparenza/papca-g/-/papca/igrid/67052 [export CSV]
A,Vimercate,Monza e della Brianza,26341,https://comune.vimercate.mb.it/it,completo,Municipium (Maggioli),J-City Gov / Albo online (Maggioli) (percorso /web/jiride),J-City Gov / Albo online (Maggioli),HTML testo; albo e liste bandi ricavate dall'export CSV (OpenFormat) che la pagina offre; allegati PDF non raggiunti,0,0,0,nessuna lista 'Pubblicazione' nel menu trasparenza; elenchi non presenti nell'HTML: serve seguire il link 'Esporta in OpenFormat' e una sessione; la scadenza non è nell'elenco ma negli allegati,https://comune.vimercate.mb.it/it | https://comune.vimercate.mb.it/it/news?type=3 | https://vimercate.trasparenza-valutazione-merito.it/web/jiride/menu-albo-pretorio | https://vimercate.trasparenza-valutazione-merito.it/web/jiride/menu-trasparenza | https://vimercate.trasparenza-valutazione-merito.it/web/jiride/dettaglio-trasparenza | https://comune.vimercate.mb.it/it/page/27132 | https://vimercate.trasparenza-valutazione-merito.it/web/jiride/papca-ap/-/papca/igrid/1452802087 [export CSV]
A,Mortara,Pavia,15934,https://comune.mortara.pv.it/,robots,robots.txt vieta ogni accesso,robots.txt vieta ogni accesso,robots.txt vieta ogni accesso,non letto: robots.txt vieta ogni accesso,0,0,0,robots.txt: Disallow: /,
A,Sondrio,Sondrio,21495,https://comune.sondrio.it/,parziale,WordPress (bandi come tipo di contenuto),OpenWeb (sondrio.soluzionipa.it),in sito (elenco in HTML),HTML testo solo per le pagine novità/avvisi (e dove indicato albo/bandi); albo e trasparenza non leggibili (vedi difficoltà),0,0,0,albo HTTP 403 al programma; elenco 'Bandi in corso' solo con filtro JS,https://comune.sondrio.it/ | https://comune.sondrio.it/bandi-di-gara-e-contratti/ | https://comune.sondrio.it/tipi_notizia/avvisi/ | https://comune.sondrio.it/amministrazione/documenti-e-dati/bandi-concorso/ | https://comune.sondrio.it/amm_trasp | https://comune.sondrio.it/trasparenza/bandi-di-gara-e-contratti-procedure-dal-01-01-2024/ | https://comune.sondrio.it/trasparenza/bandi-di-gara-e-contratti-procedure-fino-al-31-12-2023/ | https://comune.sondrio.it/trasparenza/bandi-di-gara-e-contratti/ | https://comune.sondrio.it/amm_trasp/bandi-di-gara-e-contratti-procedure-dal-01-01-2024/ | https://comune.sondrio.it/amm_trasp/riferimenti-bandi-di-gara-e-contratti-procedure-dal-01-01-2024/
A,Caronno Pertusella,Varese,18556,https://comune.caronnopertusella.va.it/it,completo,Municipium (Maggioli),J-City Gov / Albo online (Maggioli),J-City Gov / Albo online (Maggioli),HTML testo; albo e liste bandi ricavate dall'export CSV (OpenFormat) che la pagina offre; allegati PDF non raggiunti,1,0,0,elenchi non presenti nell'HTML: serve seguire il link 'Esporta in OpenFormat' e una sessione; la scadenza non è nell'elenco ma negli allegati,https://comune.caronnopertusella.va.it/it | https://comune.caronnopertusella.va.it/it/news?type=3 | https://caronnopertusella.trasparenza-valutazione-merito.it/web/trasparenza/albo-pretorio | http://caronnopertusella.trasparenza-valutazione-merito.it/web/trasparenza/albo-pretorio | https://caronnopertusella.trasparenza-valutazione-merito.it/web/trasparenza/trasparenza | https://caronnopertusella.trasparenza-valutazione-merito.it/web/trasparenza/dettaglio-trasparenza | http://caronnopertusella.trasparenza-valutazione-merito.it/web/trasparenza/trasparenza | https://caronnopertusella.trasparenza-valutazione-merito.it/web/trasparenza/albo-pretorio [export CSV] | https://caronnopertusella.trasparenza-valutazione-merito.it/web/trasparenza/papca-g/-/papca/igrid/51300 [export CSV]
A,Gerenzano,Varese,11065,https://comune.gerenzano.va.it/it,completo,Municipium (Maggioli),J-City Gov / Albo online (Maggioli),J-City Gov / Albo online (Maggioli),HTML testo; albo e liste bandi ricavate dall'export CSV (OpenFormat) che la pagina offre; allegati PDF non raggiunti,0,0,0,lista 'Pubblicazione' vuota; elenchi non presenti nell'HTML: serve seguire il link 'Esporta in OpenFormat' e una sessione; la scadenza non è nell'elenco ma negli allegati,https://comune.gerenzano.va.it/it | https://comune.gerenzano.va.it/it/news?type=3 | https://comune.gerenzano.va.it/it/page/130339 | https://gerenzano.trasparenza-valutazione-merito.it/web/trasparenza/albo-pretorio | https://comune.gerenzano.va.it/it/topics/56 | https://comune.gerenzano.va.it/it/page/albo-pretorio | https://comune.gerenzano.va.it/it/page/130340 | https://gerenzano.trasparenza-valutazione-merito.it/web/trasparenza/trasparenza | https://gerenzano.trasparenza-valutazione-merito.it/web/trasparenza/dettaglio-trasparenza | https://gerenzano.trasparenza-valutazione-merito.it/web/trasparenza/papca-ap/-/papca/igrid/170 [export CSV]
A,Varese,Varese,79100,https://comune.varese.it/,robots,robots.txt vieta ogni accesso,robots.txt vieta ogni accesso,robots.txt vieta ogni accesso,non letto: robots.txt vieta ogni accesso,0,0,0,robots.txt: Disallow: /,
B,Bonate Sotto,Bergamo,6645,https://comune.bonatesotto.bg.it/,robots,robots.txt vieta ogni accesso,robots.txt vieta ogni accesso,robots.txt vieta ogni accesso,non letto: robots.txt vieta ogni accesso,0,0,0,robots.txt: Disallow: /,
B,Brembate di Sopra,Bergamo,8068,https://comune.brembatedisopra.bg.it/it,completo,Municipium (Maggioli),J-City Gov / Albo online (Maggioli),J-City Gov / Albo online (Maggioli),HTML testo; albo e liste bandi ricavate dall'export CSV (OpenFormat) che la pagina offre; allegati PDF non raggiunti,0,0,0,elenchi non presenti nell'HTML: serve seguire il link 'Esporta in OpenFormat' e una sessione; la scadenza non è nell'elenco ma negli allegati,https://comune.brembatedisopra.bg.it/it | https://comune.brembatedisopra.bg.it/it/news?type=3 | https://brembatedisopra.trasparenza-valutazione-merito.it/web/trasparenza/menu-albo-pretorio | https://brembatedisopra.trasparenza-valutazione-merito.it/web/trasparenza/menu-trasparenza | https://brembatedisopra.trasparenza-valutazione-merito.it/web/trasparenza/dettaglio-trasparenza | https://www.trasparenzatari.it/trasparenzatari/?COMUNE=B138 | https://brembatedisopra.trasparenza-valutazione-merito.it/web/trasparenza/papca-ap/-/papca/igrid/1222652 [export CSV] | https://brembatedisopra.trasparenza-valutazione-merito.it/web/trasparenza/papca-g/-/papca/igrid/1452874055 [export CSV]
B,Grumello del Monte,Bergamo,7675,https://www.comune.grumellodelmonte.bg.it/,parziale,Drupal 9 (Halley),Halley (halleyweb.com),Halley (halleyweb.com),HTML testo solo per le pagine novità/avvisi (e dove indicato albo/bandi); albo e trasparenza non leggibili (vedi difficoltà),0,0,0,halleyweb.com non raggiungibile da qui (HTTP 503),https://www.comune.grumellodelmonte.bg.it/ | https://www.comune.bolgare.bg.it/ambito-grumello-del-monte | https://www.comune.grumellodelmonte.bg.it/amministrazione-trasparente-esterna | https://www.comune.grumellodelmonte.bg.it/argomenti/trasparenza-amministrativa | https://www.comune.grumellodelmonte.bg.it/amministrazione/amministrazione-trasparente
B,Sirmione,Brescia,8454,https://comune.sirmione.bs.it/it,completo,Municipium (Maggioli),J-City Gov / Albo online (Maggioli),J-City Gov / Albo online (Maggioli),HTML testo; albo e liste bandi ricavate dall'export CSV (OpenFormat) che la pagina offre; allegati PDF non raggiunti,0,0,1,elenchi non presenti nell'HTML: serve seguire il link 'Esporta in OpenFormat' e una sessione; la scadenza non è nell'elenco ma negli allegati,https://comune.sirmione.bs.it/it | https://comune.sirmione.bs.it/it/news?type=3 | https://comune.sirmione.bs.it/it/news-category/148705?type=3 | https://sirmione.trasparenza-valutazione-merito.it/web/trasparenza/albo-pretorio | https://sirmione.trasparenza-valutazione-merito.it/web/trasparenza/trasparenza | https://sirmione.trasparenza-valutazione-merito.it/web/trasparenza/dettaglio-trasparenza | https://sirmione.trasparenza-valutazione-merito.it/web/trasparenza/papca-ap/-/papca/igrid/44621 [export CSV] | https://sirmione.trasparenza-valutazione-merito.it/web/trasparenza/papca-g/-/papca/igrid/68334 [export CSV]
B,Arosio,Como,5227,https://comune.arosio.co.it/,robots,robots.txt vieta ogni accesso,robots.txt vieta ogni accesso,robots.txt vieta ogni accesso,non letto: robots.txt vieta ogni accesso,0,0,0,robots.txt: Disallow: /,
B,Cabiate,Como,7404,https://www.comune.cabiate.co.it/,completo,OpenCity Italia (Opencontent),J-City Gov / Albo online (Maggioli),J-City Gov / Albo online (Maggioli),HTML testo; albo e liste bandi ricavate dall'export CSV (OpenFormat) che la pagina offre; allegati PDF non raggiunti,0,0,0,albo senza voce di menu: letto dall'export della pagina; elenchi non presenti nell'HTML: serve seguire il link 'Esporta in OpenFormat' e una sessione; la scadenza non è nell'elenco ma negli allegati,https://www.comune.cabiate.co.it/ | https://www.comune.cabiate.co.it/Novita/Avvisi | https://cabiate.trasparenza-valutazione-merito.it/web/trasparenza/menu-albo-pretorio | https://cabiate.trasparenza-valutazione-merito.it/web/trasparenza/menu-trasparenza | https://cabiate.trasparenza-valutazione-merito.it/web/trasparenza/dettaglio-trasparenza | https://cabiate.trasparenza-valutazione-merito.it/web/trasparenza/menu-albo-pretorio [export CSV]
B,Lurago d'Erba,Como,5587,https://comune.luragoderba.co.it/it,completo,Municipium (Maggioli),J-City Gov / Albo online (Maggioli),J-City Gov / Albo online (Maggioli),HTML testo; albo e liste bandi ricavate dall'export CSV (OpenFormat) che la pagina offre; allegati PDF non raggiunti,0,0,0,elenchi non presenti nell'HTML: serve seguire il link 'Esporta in OpenFormat' e una sessione; la scadenza non è nell'elenco ma negli allegati,https://comune.luragoderba.co.it/it | https://comune.luragoderba.co.it/it/news?type=3 | https://luragoderba.trasparenza-valutazione-merito.it/web/trasparenza/menu-albo-pretorio | https://comune.luragoderba.co.it/it/page/13684 | https://www.trasparenzatari.it/trasparenzatari/?COMUNE=E749 | https://luragoderba.trasparenza-valutazione-merito.it/web/trasparenza/menu-trasparenza | https://luragoderba.trasparenza-valutazione-merito.it/web/trasparenza/dettaglio-trasparenza | https://luragoderba.trasparenza-valutazione-merito.it/web/trasparenza/papca-ap/-/papca/igrid/1489181790 [export CSV] | https://luragoderba.trasparenza-valutazione-merito.it/web/trasparenza/papca-g/-/papca/igrid/1489237106 [export CSV]
B,San Fermo della Battaglia,Como,7770,https://comune.sanfermodellabattaglia.co.it/,robots,robots.txt vieta ogni accesso,robots.txt vieta ogni accesso,robots.txt vieta ogni accesso,non letto: robots.txt vieta ogni accesso,0,0,0,robots.txt: Disallow: /,
B,Pandino,Cremona,8988,https://comune.pandino.cr.it/,completo,MyCity (asset mycity.s3...ovh),J-City Gov / Albo online (Maggioli),J-City Gov / Albo online (Maggioli) (atti vecchi ricaricati nel 2026),HTML testo; albo e liste bandi ricavate dall'export CSV (OpenFormat) che la pagina offre; allegati PDF non raggiunti,0,0,0,la lista 'Pubblicazione' contiene atti del 2024-25 ripubblicati a settembre 2026; elenchi non presenti nell'HTML: serve seguire il link 'Esporta in OpenFormat' e una sessione; la scadenza non è nell'elenco ma negli allegati,https://comune.pandino.cr.it/ | https://comune.pandino.cr.it/novita/3-avviso | https://pandino.trasparenza-valutazione-merito.it/web/trasparenza/albo-pretorio | https://comune.pandino.cr.it/servizi/servizio-dettaglio/2529713 | https://comune.pandino.cr.it/amministrazione-trasparente | https://comune.pandino.cr.it/amministrazione-trasparente/sezioni/2500216-bandi-gara-contratti | https://pandino.trasparenza-valutazione-merito.it/web/trasparenza/dettaglio-trasparenza | https://comune.pandino.cr.it/amministrazione-trasparente/sezioni/2500230-provvedimenti-esclusione-ammissione-procedure-gara | https://comune.pandino.cr.it/amministrazione-trasparente/sezioni/2517505-bandi-gara-contratti | https://comune.pandino.cr.it/amministrazione-trasparente/sezioni/2500178-bandi-concorso
B,Spino d'Adda,Cremona,7013,https://comune.spinodadda.cr.it/,parziale,MyCity (asset mycity.s3...ovh),Halley (halleyweb.com),Halley (halleyweb.com),HTML testo solo per le pagine novità/avvisi (e dove indicato albo/bandi); albo e trasparenza non leggibili (vedi difficoltà),0,0,0,halleyweb.com non raggiungibile da qui (TLS/503),https://comune.spinodadda.cr.it/ | https://comune.spinodadda.cr.it/novita/3-avviso
B,Lodi Vecchio,Lodi,7717,https://comune.lodivecchio.lo.it/,parziale,eCOMUNE (Pacchetto PNRR),Hypersic (servizionline.hspromilaprod),etrasparenza.it,HTML testo solo per le pagine novità/avvisi (e dove indicato albo/bandi); albo e trasparenza non leggibili (vedi difficoltà),0,0,1,pagina Avvisi vuota senza JavaScript,https://comune.lodivecchio.lo.it/ | https://comune.lodivecchio.lo.it/pagina133689_novit.html?tipologia=avvisi | https://comune.lodivecchio.lo.it/pagina133704_avvisi.html | https://servizionline.hspromilaprod.hypersicapp.net/cmslodivecchio/portale/albopretorio/albopretorioconsultazione.aspx | https://lodivecchio.etrasparenza.it/ | https://lodivecchio.etrasparenza.it/pagina566_bandi-di-gara-e-contratti.html | https://lodivecchio.etrasparenza.it/pagina639_bandi-di-concorso.html | https://lodivecchio.etrasparenza.it/pagina806_avvisi.html | https://lodivecchio.etrasparenza.it/pagina984_avvisi.html | https://lodivecchio.etrasparenza.it/archivio22_bandi-di-concorso_0_16802_806_1.html
B,Poggio Rusco,Mantova,6255,https://comune.poggiorusco.mn.it/,parziale,MyCity (asset mycity.s3...ovh),ServiziOnLine (servizi.comune.*),ServiziOnLine (servizi.comune.*),HTML testo solo per le pagine novità/avvisi (e dove indicato albo/bandi); albo e trasparenza non leggibili (vedi difficoltà),0,0,0,connessione resettata dal server dell'albo,https://comune.poggiorusco.mn.it/ | https://comune.poggiorusco.mn.it/novita/3-avviso
B,Rodigo,Mantova,5174,https://www.comune.rodigo.mn.it/,parziale,WordPress (Datagraph),DG eGov (dgegovpa.it),DG eGov (dgegovpa.it),HTML testo solo per le pagine novità/avvisi (e dove indicato albo/bandi); albo e trasparenza non leggibili (vedi difficoltà),0,0,0,dgegovpa.it: robots.txt vieta l'accesso,https://www.comune.rodigo.mn.it/ | https://www.comune.rodigo.mn.it/novita?categoria=433
B,Casorezzo,Milano,5721,https://comune.casorezzo.mi.it/,robots,robots.txt vieta ogni accesso,robots.txt vieta ogni accesso,robots.txt vieta ogni accesso,non letto: robots.txt vieta ogni accesso,0,0,0,robots.txt: Disallow: /,
B,Cuggiono,Milano,8198,https://comune.cuggiono.mi.it/,parziale,MyCity (asset mycity.s3...ovh),DG eGov (dgegovpa.it),DG eGov (dgegovpa.it),HTML testo solo per le pagine novità/avvisi (e dove indicato albo/bandi); albo e trasparenza non leggibili (vedi difficoltà),0,0,0,dgegovpa.it: robots.txt vieta l'accesso,https://comune.cuggiono.mi.it/ | https://comune.cuggiono.mi.it/novita/3-avviso | https://www.trasparenzatari.it/trasparenzatari/?COMUNE=D198
B,Robecco sul Naviglio,Milano,6794,,irraggiungibile,-,-,-,non letto: sito irraggiungibile,0,0,0,errore TLS (EOF) su tutti i domini provati,
B,San Colombano al Lambro,Milano,7591,https://comune.sancolombanoallambro.mi.it/it,completo,Municipium (Maggioli),J-City Gov / Albo online (Maggioli),J-City Gov / Albo online (Maggioli),HTML testo; albo e liste bandi ricavate dall'export CSV (OpenFormat) che la pagina offre; allegati PDF non raggiunti,0,0,0,elenchi non presenti nell'HTML: serve seguire il link 'Esporta in OpenFormat' e una sessione; la scadenza non è nell'elenco ma negli allegati,https://comune.sancolombanoallambro.mi.it/it | https://comune.sancolombanoallambro.mi.it/it/news?type=3 | https://sancolombanoallambro.trasparenza-valutazione-merito.it/web/trasparenza/albo-pretorio | http://sancolombanoallambro.trasparenza-valutazione-merito.it/ | https://sancolombanoallambro.trasparenza-valutazione-merito.it/ | https://sancolombanoallambro.trasparenza-valutazione-merito.it/web/trasparenza/dettaglio-trasparenza | https://sancolombanoallambro.trasparenza-valutazione-merito.it/web/trasparenza/menu-albo-pretorio | https://sancolombanoallambro.trasparenza-valutazione-merito.it/web/trasparenza/papca-g/-/papca/display/5442131 | https://comune.sancolombanoallambro.mi.it/it/page/151936 | https://sancolombanoallambro.trasparenza-valutazione-merito.it/web/trasparenza/papca-ap/-/papca/igrid/5881 [export CSV]
B,Vaprio d'Adda,Milano,9723,https://comune.vapriodadda.mi.it/it,parziale,Municipium (Maggioli),Halley eGov (halleyegov.it) / Urbi,Halley eGov / Urbi,HTML testo solo per le pagine novità/avvisi (e dove indicato albo/bandi); albo e trasparenza non leggibili (vedi difficoltà),0,0,0,albo e trasparenza: robots.txt vieta l'accesso,https://comune.vapriodadda.mi.it/it | https://comune.vapriodadda.mi.it/it/news?type=3 | https://comune.vapriodadda.mi.it/it/news/manifestazione-di-interesse-per-l-individuazione-di-volontari-civici-a-supporto-di-servizi-sociali-e-scolastici | https://www.trasparenzatari.it/trasparenzatari/?COMUNE=L667
B,Arcisate,Varese,9859,https://comune.arcisate.va.it/,parziale,MyCity (asset mycity.s3...ovh),Urbi / PA Digitale (servizi.comune.*/urbi),Urbi / PA Digitale,HTML testo solo per le pagine novità/avvisi (e dove indicato albo/bandi); albo e trasparenza non leggibili (vedi difficoltà),0,0,0,albo e trasparenza: robots.txt vieta l'accesso,https://comune.arcisate.va.it/ | https://comune.arcisate.va.it/novita/3-avviso | https://comune.arcisate.va.it/argomenti/argomento-dettaglio/1836673
B,Ispra,Varese,5358,https://comune.ispra.va.it/,completo,WordPress,J-City Gov / Albo online (Maggioli),J-City Gov / Albo online (Maggioli),HTML testo; albo e liste bandi ricavate dall'export CSV (OpenFormat) che la pagina offre; allegati PDF non raggiunti,0,0,0,elenchi non presenti nell'HTML: serve seguire il link 'Esporta in OpenFormat' e una sessione; la scadenza non è nell'elenco ma negli allegati,https://comune.ispra.va.it/ | https://ispra.trasparenza-valutazione-merito.it/web/trasparenza/albo-pretorio | https://ispra.trasparenza-valutazione-merito.it/web/trasparenza/trasparenza | https://ispra.trasparenza-valutazione-merito.it/web/trasparenza/dettaglio-trasparenza | https://ispra.trasparenza-valutazione-merito.it/web/trasparenza/papca-ap/-/papca/igrid/33447 [export CSV] | https://ispra.trasparenza-valutazione-merito.it/web/trasparenza/papca-g/-/papca/igrid/68030 [export CSV]
